week,snapshot_date,course_id,title,keyword,rank,total_results
2026-W23,2026-06-01,10361929031,Online Advertising im Online Marketing,Online Marketing,2,6435
2026-W23,2026-06-01,10349701750,Online Marketing,Online Marketing,4,6435
2026-W23,2026-06-01,10391163831,Performance Marketing im Online Marketing,Online Marketing,49,6435
2026-W23,2026-06-01,10351717472,Online Marketing mit SEO,Online Marketing,51,6435
2026-W23,2026-06-01,10356998969,Online Marketing Strategie,Online Marketing,52,6435
2026-W23,2026-06-01,10343394728,Online Marketing Manager,Online Marketing,56,6435
2026-W23,2026-06-01,10349997798,KI im Online Marketing,Online Marketing,61,6435
2026-W23,2026-06-01,10387771566,Online Marketing Quereinstieg,Online Marketing,70,6435
2026-W23,2026-06-01,10387771477,Online Marketing Kurs,Online Marketing,73,6435
2026-W23,2026-06-01,10387192889,Einführung in Online Marketing,Online Marketing,78,6435
2026-W23,2026-06-01,10387782778,Online Marketing mit Schwerpunkt Inbound Marketing,Online Marketing,127,6435
2026-W23,2026-06-01,10342368910,Online Marketing Manager Weiterbildung,Online Marketing,129,6435
2026-W23,2026-06-01,10351717213,Online Marketing - CRM und Marketing-Automatisierung,Online Marketing,138,6435
2026-W23,2026-06-01,10351524968,Online Marketing mit Google Ads,Online Marketing,139,6435
2026-W23,2026-06-01,10356999042,Website Marketing und Online Recht,Online Marketing,145,6435
2026-W23,2026-06-01,10384707261,Online Marketing für Einsteiger,Online Marketing,150,6435
2026-W23,2026-06-01,10389165078,Online Marketing mit KI und Datenschutz,Online Marketing,155,6435
2026-W23,2026-06-01,10387777725,Online Marketing - Webshop und SEO,Online Marketing,179,6435
2026-W23,2026-06-01,10356999107,Analyse und Optimierung im Online Marketing,Online Marketing,209,6435
2026-W23,2026-06-01,10387778727,Social Commerce im Online Marketing,Online Marketing,220,6435
2026-W23,2026-06-01,10389168027,Online Marketing Starter Kurs,Online Marketing,230,6435
2026-W23,2026-06-01,10387200385,Digital Leadership im Online Marketing,Online Marketing,243,6435
2026-W23,2026-06-01,10389165328,Online Marketing mit Social Media Werbung,Online Marketing,295,6435
2026-W23,2026-06-01,10391164001,E-Mail-Werbung im Online Marketing,Online Marketing,327,6435
2026-W23,2026-06-01,10377228677,Certified International Online Marketing Specialist,Online Marketing,329,6435
2026-W23,2026-06-01,10391164655,Online Marketing mit AI Weiterbildung,Online Marketing,352,6435
2026-W23,2026-06-01,10387783077,Online Marketing Manager für Fortgeschrittene,Online Marketing,356,6435
2026-W23,2026-06-01,10391165661,Online Marketing und Prompt Engineering,Online Marketing,361,6435
2026-W23,2026-06-01,10380831850,Aufbaukurs Online Marketing / Social Media Marketing,Online Marketing,364,6435
2026-W23,2026-06-01,10389164957,AI-Tools im Online Marketing,Online Marketing,366,6435
2026-W23,2026-06-01,10391164520,E-Commerce Performance im Online Marketing,Online Marketing,380,6435
2026-W23,2026-06-01,10391167677,Wordpress Online Lernen,Online Marketing,382,6435
2026-W23,2026-06-01,10387780996,Webanalyse für Online Marketing Manager:in,Online Marketing,386,6435
2026-W23,2026-06-01,10338910725,Online Marketing Grundlagen für Marketing Manager:in,Online Marketing,387,6435
2026-W23,2026-06-01,10343394728,Online Marketing Manager,Online Marketing Manager,4,2186
2026-W23,2026-06-01,10342368910,Online Marketing Manager Weiterbildung,Online Marketing Manager,24,2186
2026-W23,2026-06-01,10387783077,Online Marketing Manager für Fortgeschrittene,Online Marketing Manager,57,2186
2026-W23,2026-06-01,10387780996,Webanalyse für Online Marketing Manager:in,Online Marketing Manager,63,2186
2026-W23,2026-06-01,10338429561,eCommerce Manager,Online Marketing Manager,88,2186
2026-W23,2026-06-01,10338910725,Online Marketing Grundlagen für Marketing Manager:in,Online Marketing Manager,108,2186
2026-W23,2026-06-01,10338911508,Content Marketing Manager,Online Marketing Manager,116,2186
2026-W23,2026-06-01,10391166704,Datengetriebenes Marketing als KI Manager,Online Marketing Manager,140,2186
2026-W23,2026-06-01,10338427523,E-Commerce Manager,Online Marketing Manager,207,2186
2026-W23,2026-06-01,10338424756,Performance Marketing Manager,Online Marketing Manager,225,2186
2026-W23,2026-06-01,10354069877,Digital Marketing Manager,Online Marketing Manager,226,2186
2026-W23,2026-06-01,10340407675,Social Media Manager,Online Marketing Manager,298,2186
2026-W23,2026-06-01,10361929031,Online Advertising im Online Marketing,Online Marketing Manager,340,2186
2026-W23,2026-06-01,10349701750,Online Marketing,Online Marketing Manager,390,2186
2026-W23,2026-06-01,10356999107,Analyse und Optimierung im Online Marketing,Online Marketing Manager,489,2186
2026-W23,2026-06-01,10356998969,Online Marketing Strategie,Online Marketing Strategie,3,4082
2026-W23,2026-06-01,10387198529,Content Marketing Strategie,Online Marketing Strategie,24,4082
2026-W23,2026-06-01,10389167772,E-Commerce Marketing Strategie,Online Marketing Strategie,44,4082
2026-W23,2026-06-01,10387779739,Social Media Content Strategien,Online Marketing Strategie,90,4082
2026-W23,2026-06-01,10349701750,Online Marketing,Online Marketing Strategie,214,4082
2026-W23,2026-06-01,10343394728,Online Marketing Manager,Online Marketing Strategie,254,4082
2026-W23,2026-06-01,10351717472,Online Marketing mit SEO,Online Marketing Strategie,258,4082
2026-W23,2026-06-01,10391163831,Performance Marketing im Online Marketing,Online Marketing Strategie,262,4082
2026-W23,2026-06-01,10387771566,Online Marketing Quereinstieg,Online Marketing Strategie,269,4082
2026-W23,2026-06-01,10387192889,Einführung in Online Marketing,Online Marketing Strategie,296,4082
2026-W23,2026-06-01,10387771477,Online Marketing Kurs,Online Marketing Strategie,300,4082
2026-W23,2026-06-01,10387782778,Online Marketing mit Schwerpunkt Inbound Marketing,Online Marketing Strategie,301,4082
2026-W23,2026-06-01,10342368910,Online Marketing Manager Weiterbildung,Online Marketing Strategie,311,4082
2026-W23,2026-06-01,10384707261,Online Marketing für Einsteiger,Online Marketing Strategie,328,4082
2026-W23,2026-06-01,10389165078,Online Marketing mit KI und Datenschutz,Online Marketing Strategie,331,4082
2026-W23,2026-06-01,10351717213,Online Marketing - CRM und Marketing-Automatisierung,Online Marketing Strategie,336,4082
2026-W23,2026-06-01,10387778727,Social Commerce im Online Marketing,Online Marketing Strategie,361,4082
2026-W23,2026-06-01,10351524968,Online Marketing mit Google Ads,Online Marketing Strategie,387,4082
2026-W23,2026-06-01,10387777725,Online Marketing - Webshop und SEO,Online Marketing Strategie,397,4082
2026-W23,2026-06-01,10387200385,Digital Leadership im Online Marketing,Online Marketing Strategie,404,4082
2026-W23,2026-06-01,10391164655,Online Marketing mit AI Weiterbildung,Online Marketing Strategie,429,4082
2026-W23,2026-06-01,10389165328,Online Marketing mit Social Media Werbung,Online Marketing Strategie,441,4082
2026-W23,2026-06-01,10391164001,E-Mail-Werbung im Online Marketing,Online Marketing Strategie,450,4082
2026-W23,2026-06-01,10391165661,Online Marketing und Prompt Engineering,Online Marketing Strategie,467,4082
2026-W23,2026-06-01,10387780996,Webanalyse für Online Marketing Manager:in,Online Marketing Strategie,471,4082
2026-W23,2026-06-01,10380831850,Aufbaukurs Online Marketing / Social Media Marketing,Online Marketing Strategie,498,4082
2026-W23,2026-06-01,10338431852,Search Engine Marketing Expert,Search Engine Marketing,19,269
2026-W23,2026-06-01,10384707261,Online Marketing für Einsteiger,SEA,325,1561
2026-W23,2026-06-01,10387782778,Online Marketing mit Schwerpunkt Inbound Marketing,SEA,327,1561
2026-W23,2026-06-01,10338429570,PPC Marketing - Paid Advertising,SEA,334,1561
2026-W23,2026-06-01,10349701750,Online Marketing,SEA,343,1561
2026-W23,2026-06-01,10354069877,Digital Marketing Manager,SEA,344,1561
2026-W23,2026-06-01,10387195672,E-Commerce im Digital Marketing,SEA,435,1561
2026-W23,2026-06-01,10391164655,Online Marketing mit AI Weiterbildung,SEA,458,1561
2026-W23,2026-06-01,10351717472,Online Marketing mit SEO,SEO,277,3911
2026-W23,2026-06-01,10384707573,SEO und Inbound Marketing,SEO,279,3911
2026-W23,2026-06-01,10391166962,"Der einfache Einstieg in SEO, Ads & KI im Online Marketing",SEO,351,3911
2026-W23,2026-06-01,10387777725,Online Marketing - Webshop und SEO,SEO,386,3911
2026-W23,2026-06-01,10351717472,Online Marketing mit SEO,Suchmaschinenoptimierung,235,1774
2026-W23,2026-06-01,10387777725,Online Marketing - Webshop und SEO,Suchmaschinenoptimierung,256,1774
2026-W23,2026-06-01,10389168088,Content Marketing für Einsteiger,Suchmaschinenoptimierung,342,1774
2026-W23,2026-06-01,10391164655,Online Marketing mit AI Weiterbildung,Suchmaschinenoptimierung,348,1774
2026-W23,2026-06-01,10387782115,Inbound Marketing Weiterbildung,Suchmaschinenoptimierung,358,1774
2026-W23,2026-06-01,10387192889,Einführung in Online Marketing,Suchmaschinenoptimierung,363,1774
2026-W23,2026-06-01,10389167334,Wordpress Grundlagen,Suchmaschinenoptimierung,365,1774
2026-W23,2026-06-01,10387200552,Inbound Marketing für Fortgeschrittene,Suchmaschinenoptimierung,386,1774
2026-W23,2026-06-01,10389167084,Wordpress für Einsteiger,Suchmaschinenoptimierung,395,1774
2026-W23,2026-06-01,10391167677,Wordpress Online Lernen,Suchmaschinenoptimierung,399,1774
2026-W23,2026-06-01,10387780996,Webanalyse für Online Marketing Manager:in,Suchmaschinenoptimierung,456,1774
2026-W23,2026-06-01,10391168700,E-Commerce Performance Marketing mit KI,Suchmaschinenoptimierung,457,1774
2026-W23,2026-06-01,10387771477,Online Marketing Kurs,Suchmaschinenoptimierung,487,1774
2026-W23,2026-06-01,10389168027,Online Marketing Starter Kurs,Suchmaschinenmarketing,312,951
2026-W23,2026-06-01,10338431852,Search Engine Marketing Expert,Suchmaschinenmarketing,456,951
2026-W23,2026-06-01,10342367601,Content Marketing,Content Marketing,12,4890
2026-W23,2026-06-01,10338423309,Content Marketing Expert,Content Marketing,49,4890
2026-W23,2026-06-01,10338911508,Content Marketing Manager,Content Marketing,50,4890
2026-W23,2026-06-01,10374367486,Content Marketing & Social Media Marketing,Content Marketing,143,4890
2026-W23,2026-06-01,10389168088,Content Marketing für Einsteiger,Content Marketing,158,4890
2026-W23,2026-06-01,10387781767,Inbound- und Content-Marketing,Content Marketing,291,4890
2026-W23,2026-06-01,10351717915,Content Marketing - Visuals mit Canva und KI,Content Marketing,311,4890
2026-W23,2026-06-01,10355911492,Content Marketing - Videoerstellung mit DaVinci & KI,Content Marketing,313,4890
2026-W23,2026-06-01,10387198529,Content Marketing Strategie,Content Marketing,391,4890
2026-W23,2026-06-01,10338426557,WordPress,Content Marketing,477,4890
2026-W23,2026-06-01,10389166959,Content & Inbound Marketing mit KI für E-Commerce,Content Marketing,481,4890
2026-W23,2026-06-01,10354069877,Digital Marketing Manager,Digital Marketing,233,7127
2026-W23,2026-06-01,10382597055,International Project Management in Digital Marketing,Digital Marketing,240,7127
2026-W23,2026-06-01,10387195672,E-Commerce im Digital Marketing,Digital Marketing,250,7127
2026-W23,2026-06-01,10377229437,Global Digital Strategy & Online Marketing Management,Digital Marketing,258,7127
2026-W23,2026-06-01,10391167711,Digital Marketing Starter Kurs,Digital Marketing,394,7127
2026-W23,2026-06-01,10387200385,Digital Leadership im Online Marketing,Digital Marketing,420,7127
2026-W23,2026-06-01,10354069877,Digital Marketing Manager,Digitales Marketing,233,7127
2026-W23,2026-06-01,10382597055,International Project Management in Digital Marketing,Digitales Marketing,240,7127
2026-W23,2026-06-01,10387195672,E-Commerce im Digital Marketing,Digitales Marketing,250,7127
2026-W23,2026-06-01,10377229437,Global Digital Strategy & Online Marketing Management,Digitales Marketing,258,7127
2026-W23,2026-06-01,10391167711,Digital Marketing Starter Kurs,Digitales Marketing,394,7127
2026-W23,2026-06-01,10387200385,Digital Leadership im Online Marketing,Digitales Marketing,420,7127
2026-W23,2026-06-01,10374367486,Content Marketing & Social Media Marketing,Social Media Marketing,34,4673
2026-W23,2026-06-01,10338427203,Social Media Marketing,Social Media Marketing,141,4673
2026-W23,2026-06-01,10380831850,Aufbaukurs Online Marketing / Social Media Marketing,Social Media Marketing,166,4673
2026-W23,2026-06-01,10389165328,Online Marketing mit Social Media Werbung,Social Media Marketing,179,4673
2026-W23,2026-06-01,10389167020,Social Media Marketing für Einsteiger,Social Media Marketing,211,4673
2026-W23,2026-06-01,10375687179,Social Media mit KI,Social Media Marketing,267,4673
2026-W23,2026-06-01,10342368125,Social Media Weiterbildung,Social Media Marketing,272,4673
2026-W23,2026-06-01,10340407675,Social Media Manager,Social Media Marketing,274,4673
2026-W23,2026-06-01,10389168981,Social Media Kurs,Social Media Marketing,277,4673
2026-W23,2026-06-01,10391166283,Grundlagen des Social Media Managements,Social Media Marketing,291,4673
2026-W23,2026-06-01,10338422909,Social Media Grundlagen,Social Media Marketing,297,4673
2026-W23,2026-06-01,10338911376,Social Media Expert:in,Social Media Marketing,298,4673
2026-W23,2026-06-01,10338895266,Social Media Advertising,Social Media Marketing,303,4673
2026-W23,2026-06-01,10338895586,Social Media Advertising Expert:in,Social Media Marketing,351,4673
2026-W23,2026-06-01,10351534424,Social Media Relationship Experte,Social Media Marketing,356,4673
2026-W23,2026-06-01,10338428797,Social Media Creation Experte,Social Media Marketing,358,4673
2026-W23,2026-06-01,10387780797,Webanalyse & Social Media Marketing,Social Media Marketing,360,4673
2026-W23,2026-06-01,10391168356,E-Commerce & Social Media Marketing mit KI,Social Media Marketing,384,4673
2026-W23,2026-06-01,10387776055,"Onlinemarketing, Social-Media-Marketing und Prompt Engineering",Social Media Marketing,474,4673
2026-W23,2026-06-01,10391163831,Performance Marketing im Online Marketing,Performance Marketing,52,2714
2026-W23,2026-06-01,10338424756,Performance Marketing Manager,Performance Marketing,123,2714
2026-W23,2026-06-01,10338430808,Performance Marketing Masterclass,Performance Marketing,135,2714
2026-W23,2026-06-01,10338428159,Performance Marketing Experte,Performance Marketing,136,2714
2026-W23,2026-06-01,10391164520,E-Commerce Performance im Online Marketing,Performance Marketing,152,2714
2026-W23,2026-06-01,10391168700,E-Commerce Performance Marketing mit KI,Performance Marketing,177,2714
2026-W23,2026-06-01,10391168965,Google Ads & Performance Marketing Grundlagen,Performance Marketing,193,2714
2026-W23,2026-06-01,10391167386,"KI im Performance Marketing: Ads, Targeting & Optimierung",Performance Marketing,271,2714
2026-W23,2026-06-01,10389168340,Social Media Performance messen mit KI & Google Analytics,Performance Marketing,301,2714
2026-W23,2026-06-01,10387782778,Online Marketing mit Schwerpunkt Inbound Marketing,Performance Marketing,406,2714
2026-W23,2026-06-01,10387195929,E-Commerce Marketing Automation,Performance Marketing,437,2714
2026-W23,2026-06-01,10391166704,Datengetriebenes Marketing als KI Manager,Performance Marketing,467,2714
2026-W23,2026-06-01,10387777670,Marketing Aufbaukurs - E-Commerce,Performance Marketing,481,2714
2026-W23,2026-06-01,10387778727,Social Commerce im Online Marketing,Performance Marketing,487,2714
2026-W23,2026-06-01,10387195672,E-Commerce im Digital Marketing,Performance Marketing,498,2714
2026-W23,2026-06-01,10342368910,Online Marketing Manager Weiterbildung,Affiliate Marketing,226,509
2026-W23,2026-06-01,10338427523,E-Commerce Manager,Affiliate Marketing,397,509
2026-W23,2026-06-01,10338427523,E-Commerce Manager,E-Commerce,32,2423
2026-W23,2026-06-01,10389166081,Projektmanagement E-Commerce,E-Commerce,34,2423
2026-W23,2026-06-01,10338432056,E-Commerce Grundlagen,E-Commerce,38,2423
2026-W23,2026-06-01,10387777670,Marketing Aufbaukurs - E-Commerce,E-Commerce,93,2423
2026-W23,2026-06-01,10387195929,E-Commerce Marketing Automation,E-Commerce,94,2423
2026-W23,2026-06-01,10387196413,E-Commerce mit Social Media,E-Commerce,105,2423
2026-W23,2026-06-01,10387195672,E-Commerce im Digital Marketing,E-Commerce,107,2423
2026-W23,2026-06-01,10389167772,E-Commerce Marketing Strategie,E-Commerce,113,2423
2026-W23,2026-06-01,10387776840,Weiterbildung im E-Commerce mit KI,E-Commerce,117,2423
2026-W23,2026-06-01,10391165747,Datengetriebenes E-Commerce Marketing mit KI,E-Commerce,179,2423
2026-W23,2026-06-01,10391168700,E-Commerce Performance Marketing mit KI,E-Commerce,194,2423
2026-W23,2026-06-01,10391164520,E-Commerce Performance im Online Marketing,E-Commerce,198,2423
2026-W23,2026-06-01,10338426422,E-Commerce Shops und Online Plattformen,E-Commerce,202,2423
2026-W23,2026-06-01,10391166676,Datengetriebenes Inbound Marketing im E-Commerce,E-Commerce,211,2423
2026-W23,2026-06-01,10387197205,Design Thinking und E-Commerce mit Social Media,E-Commerce,284,2423
2026-W23,2026-06-01,10387778727,Social Commerce im Online Marketing,E-Commerce,330,2423
2026-W23,2026-06-01,10389165953,Content & Sales im E-Commerce mit KI verbinden,E-Commerce,332,2423
2026-W23,2026-06-01,10391168356,E-Commerce & Social Media Marketing mit KI,E-Commerce,337,2423
2026-W23,2026-06-01,10389166959,Content & Inbound Marketing mit KI für E-Commerce,E-Commerce,402,2423
2026-W23,2026-06-01,10338427523,E-Commerce Manager,E-Commerce Manager,4,714
2026-W23,2026-06-01,10338429561,eCommerce Manager,E-Commerce Manager,31,714
2026-W23,2026-06-01,10391166704,Datengetriebenes Marketing als KI Manager,E-Commerce Manager,83,714
2026-W23,2026-06-01,10387783077,Online Marketing Manager für Fortgeschrittene,E-Commerce Manager,97,714
2026-W23,2026-06-01,10387780996,Webanalyse für Online Marketing Manager:in,E-Commerce Manager,103,714
2026-W23,2026-06-01,10338432056,E-Commerce Grundlagen,E-Commerce Manager,120,714
2026-W23,2026-06-01,10391169681,"KI Manager Weiterbildung: Social Media, Content & KI Tools",E-Commerce Manager,133,714
2026-W23,2026-06-01,10338426422,E-Commerce Shops und Online Plattformen,E-Commerce Manager,162,714
2026-W23,2026-06-01,10389167334,Wordpress Grundlagen,E-Commerce Manager,260,714
2026-W23,2026-06-01,10389167084,Wordpress für Einsteiger,E-Commerce Manager,266,714
2026-W23,2026-06-01,10391167677,Wordpress Online Lernen,E-Commerce Manager,271,714
2026-W23,2026-06-01,10338911508,Content Marketing Manager,E-Commerce Manager,287,714
2026-W23,2026-06-01,10342368910,Online Marketing Manager Weiterbildung,E-Commerce Manager,336,714
2026-W23,2026-06-01,10340407675,Social Media Manager,E-Commerce Manager,337,714
2026-W23,2026-06-01,10343394728,Online Marketing Manager,E-Commerce Manager,339,714
2026-W23,2026-06-01,10354069877,Digital Marketing Manager,E-Commerce Manager,340,714
2026-W23,2026-06-01,10338424756,Performance Marketing Manager,E-Commerce Manager,344,714
2026-W23,2026-06-01,10338910725,Online Marketing Grundlagen für Marketing Manager:in,E-Commerce Manager,394,714
2026-W23,2026-06-01,10338433155,KI-Manager:in,E-Commerce Manager,425,714
2026-W23,2026-06-01,10356999107,Analyse und Optimierung im Online Marketing,E-Commerce Manager,455,714
2026-W23,2026-06-01,10338895266,Social Media Advertising,E-Commerce Manager,474,714
2026-W23,2026-06-01,10338911508,Content Marketing Manager,Marketing Manager,17,3851
2026-W23,2026-06-01,10343394728,Online Marketing Manager,Marketing Manager,31,3851
2026-W23,2026-06-01,10354069877,Digital Marketing Manager,Marketing Manager,43,3851
2026-W23,2026-06-01,10338424756,Performance Marketing Manager,Marketing Manager,46,3851
2026-W23,2026-06-01,10342368910,Online Marketing Manager Weiterbildung,Marketing Manager,124,3851
2026-W23,2026-06-01,10340407675,Social Media Manager,Marketing Manager,131,3851
2026-W23,2026-06-01,10338429561,eCommerce Manager,Marketing Manager,136,3851
2026-W23,2026-06-01,10391166704,Datengetriebenes Marketing als KI Manager,Marketing Manager,164,3851
2026-W23,2026-06-01,10387783077,Online Marketing Manager für Fortgeschrittene,Marketing Manager,218,3851
2026-W23,2026-06-01,10338910725,Online Marketing Grundlagen für Marketing Manager:in,Marketing Manager,228,3851
2026-W23,2026-06-01,10387780996,Webanalyse für Online Marketing Manager:in,Marketing Manager,241,3851
2026-W23,2026-06-01,10338427523,E-Commerce Manager,Marketing Manager,262,3851
2026-W23,2026-06-01,10387195929,E-Commerce Marketing Automation,Marketing Automation,29,487
2026-W23,2026-06-01,10338431711,Inbound Marketing Experte,Marketing Automation,83,487
2026-W23,2026-06-01,10338428159,Performance Marketing Experte,Marketing Automation,87,487
2026-W23,2026-06-01,10384707573,SEO und Inbound Marketing,Marketing Automation,90,487
2026-W23,2026-06-01,10351717213,Online Marketing - CRM und Marketing-Automatisierung,Marketing Automation,100,487
2026-W23,2026-06-01,10343394728,Online Marketing Manager,Marketing Automation,102,487
2026-W23,2026-06-01,10356998969,Online Marketing Strategie,Marketing Automation,104,487
2026-W23,2026-06-01,10338424756,Performance Marketing Manager,Marketing Automation,107,487
2026-W23,2026-06-01,10377229437,Global Digital Strategy & Online Marketing Management,Marketing Automation,108,487
2026-W23,2026-06-01,10387782115,Inbound Marketing Weiterbildung,Marketing Automation,109,487
2026-W23,2026-06-01,10342367601,Content Marketing,Marketing Automation,113,487
2026-W23,2026-06-01,10377228677,Certified International Online Marketing Specialist,Marketing Automation,133,487
2026-W23,2026-06-01,10342368910,Online Marketing Manager Weiterbildung,Marketing Automation,141,487
2026-W23,2026-06-01,10391167711,Digital Marketing Starter Kurs,Marketing Automation,162,487
2026-W23,2026-06-01,10338910725,Online Marketing Grundlagen für Marketing Manager:in,Marketing Automation,171,487
2026-W23,2026-06-01,10338427523,E-Commerce Manager,Marketing Automation,182,487
2026-W23,2026-06-01,10338430808,Performance Marketing Masterclass,Marketing Automation,186,487
2026-W23,2026-06-01,10387776840,Weiterbildung im E-Commerce mit KI,Marketing Automation,195,487
2026-W23,2026-06-01,10391167977,Digitale Marketingstrategien mit KI entwickeln,Marketing Automation,206,487
2026-W23,2026-06-01,10351524968,Online Marketing mit Google Ads,Google Ads,79,1106
2026-W23,2026-06-01,10389165702,Google Ads mit Social Media,Google Ads,98,1106
2026-W23,2026-06-01,10391168965,Google Ads & Performance Marketing Grundlagen,Google Ads,111,1106
2026-W23,2026-06-01,10391166962,"Der einfache Einstieg in SEO, Ads & KI im Online Marketing",Google Ads,177,1106
2026-W23,2026-06-01,10391167386,"KI im Performance Marketing: Ads, Targeting & Optimierung",Google Ads,202,1106
2026-W23,2026-06-01,10338429570,PPC Marketing - Paid Advertising,Google Ads,226,1106
2026-W23,2026-06-01,10338428159,Performance Marketing Experte,Google Ads,265,1106
2026-W23,2026-06-01,10361929031,Online Advertising im Online Marketing,Google Ads,272,1106
2026-W23,2026-06-01,10338431852,Search Engine Marketing Expert,Google Ads,274,1106
2026-W23,2026-06-01,10338910725,Online Marketing Grundlagen für Marketing Manager:in,Google Ads,410,1106
2026-W23,2026-06-01,10361929031,Online Advertising im Online Marketing,Online Advertising,2,838
2026-W23,2026-06-01,10338895586,Social Media Advertising Expert:in,Online Advertising,66,838
2026-W23,2026-06-01,10338895266,Social Media Advertising,Online Advertising,72,838
2026-W23,2026-06-01,10338429570,PPC Marketing - Paid Advertising,Online Advertising,86,838
2026-W23,2026-06-01,10349701750,Online Marketing,Online Advertising,132,838
2026-W23,2026-06-01,10387771477,Online Marketing Kurs,Online Advertising,140,838
2026-W23,2026-06-01,10387771566,Online Marketing Quereinstieg,Online Advertising,146,838
2026-W23,2026-06-01,10343394728,Online Marketing Manager,Online Advertising,150,838
2026-W23,2026-06-01,10391163831,Performance Marketing im Online Marketing,Online Advertising,151,838
2026-W23,2026-06-01,10384707261,Online Marketing für Einsteiger,Online Advertising,158,838
2026-W23,2026-06-01,10387200385,Digital Leadership im Online Marketing,Online Advertising,170,838
2026-W23,2026-06-01,10387778727,Social Commerce im Online Marketing,Online Advertising,171,838
2026-W23,2026-06-01,10389165328,Online Marketing mit Social Media Werbung,Online Advertising,173,838
2026-W23,2026-06-01,10377228677,Certified International Online Marketing Specialist,Online Advertising,211,838
2026-W23,2026-06-01,10391164001,E-Mail-Werbung im Online Marketing,Online Advertising,221,838
2026-W23,2026-06-01,10391164520,E-Commerce Performance im Online Marketing,Online Advertising,223,838
2026-W23,2026-06-01,10391169381,"Weiterbildung im Online Marketing mit KI, Daten & Automatisierung",Online Advertising,258,838
2026-W23,2026-06-01,10391166704,Datengetriebenes Marketing als KI Manager,Online Advertising,288,838
2026-W23,2026-06-01,10387195929,E-Commerce Marketing Automation,Online Advertising,291,838
2026-W23,2026-06-01,10387777670,Marketing Aufbaukurs - E-Commerce,Online Advertising,301,838
2026-W23,2026-06-01,10389166959,Content & Inbound Marketing mit KI für E-Commerce,Online Advertising,311,838
2026-W23,2026-06-01,10387196413,E-Commerce mit Social Media,Online Advertising,312,838
2026-W23,2026-06-01,10387195672,E-Commerce im Digital Marketing,Online Advertising,316,838
2026-W23,2026-06-01,10391168356,E-Commerce & Social Media Marketing mit KI,Online Advertising,318,838
2026-W23,2026-06-01,10389166081,Projektmanagement E-Commerce,Online Advertising,319,838
2026-W23,2026-06-01,10391166676,Datengetriebenes Inbound Marketing im E-Commerce,Online Advertising,320,838
2026-W23,2026-06-01,10389167772,E-Commerce Marketing Strategie,Online Advertising,331,838
2026-W23,2026-06-01,10377229437,Global Digital Strategy & Online Marketing Management,Online Advertising,338,838
2026-W23,2026-06-01,10391167386,"KI im Performance Marketing: Ads, Targeting & Optimierung",Online Advertising,339,838
2026-W23,2026-06-01,10387776055,"Onlinemarketing, Social-Media-Marketing und Prompt Engineering",Online Advertising,350,838
2026-W23,2026-06-01,10387776840,Weiterbildung im E-Commerce mit KI,Online Advertising,351,838
2026-W23,2026-06-01,10387197205,Design Thinking und E-Commerce mit Social Media,Online Advertising,352,838
2026-W23,2026-06-01,10338427523,E-Commerce Manager,Online Advertising,440,838
2026-W23,2026-06-01,10387780797,Webanalyse & Social Media Marketing,Webanalyse,13,254
2026-W23,2026-06-01,10387780996,Webanalyse für Online Marketing Manager:in,Webanalyse,15,254
2026-W23,2026-06-01,10356999107,Analyse und Optimierung im Online Marketing,Webanalyse,20,254
2026-W23,2026-06-01,10389168981,Social Media Kurs,Webanalyse,36,254
2026-W23,2026-06-01,10354069877,Digital Marketing Manager,Webanalyse,100,254
2026-W23,2026-06-01,10349701750,Online Marketing,Webanalyse,101,254
2026-W23,2026-06-01,10351524968,Online Marketing mit Google Ads,Webanalyse,109,254
2026-W23,2026-06-01,10380831850,Aufbaukurs Online Marketing / Social Media Marketing,Webanalyse,118,254
2026-W23,2026-06-01,10338422909,Social Media Grundlagen,Webanalyse,167,254
2026-W23,2026-06-01,10338429561,eCommerce Manager,Webanalyse,174,254
2026-W23,2026-06-01,10338424756,Performance Marketing Manager,Webanalyse,183,254
2026-W23,2026-06-01,10338910725,Online Marketing Grundlagen für Marketing Manager:in,Webanalyse,198,254
2026-W23,2026-06-01,10338911508,Content Marketing Manager,Webanalyse,203,254
2026-W23,2026-06-01,10338430808,Performance Marketing Masterclass,Webanalyse,208,254
2026-W23,2026-06-01,10377229437,Global Digital Strategy & Online Marketing Management,Digital Strategy,3,128
2026-W23,2026-06-01,10377229961,Online Marketing Management - Global Trends & AI Tools,Digital Strategy,77,128
