snapshot_date,keyword,provider,course_id,title,rank,total_results
2026-05-28,Online Marketing,ecomex GmbH & Co. KG,10361929031,Online Advertising im Online Marketing,2,6435
2026-05-28,Online Marketing,ecomex GmbH & Co. KG,10349701750,Online Marketing,6,6435
2026-05-28,Online Marketing,ecomex GmbH & Co. KG,10391163831,Performance Marketing im Online Marketing,28,6435
2026-05-28,Online Marketing,ecomex GmbH & Co. KG,10351717472,Online Marketing mit SEO,53,6435
2026-05-28,Online Marketing,ecomex GmbH & Co. KG,10349997798,KI im Online Marketing,60,6435
2026-05-28,Online Marketing,ecomex GmbH & Co. KG,10343394728,Online Marketing Manager,61,6435
2026-05-28,Online Marketing,ecomex GmbH & Co. KG,10356998969,Online Marketing Strategie,65,6435
2026-05-28,Online Marketing,ecomex GmbH & Co. KG,10387771566,Online Marketing Quereinstieg,68,6435
2026-05-28,Online Marketing,ecomex GmbH & Co. KG,10387192889,Einführung in Online Marketing,71,6435
2026-05-28,Online Marketing,ecomex GmbH & Co. KG,10387771477,Online Marketing Kurs,76,6435
2026-05-28,Online Marketing,ecomex GmbH & Co. KG,10384707261,Online Marketing für Einsteiger,131,6435
2026-05-28,Online Marketing,ecomex GmbH & Co. KG,10351717213,Online Marketing - CRM und Marketing-Automatisierung,136,6435
2026-05-28,Online Marketing,ecomex GmbH & Co. KG,10387782778,Online Marketing mit Schwerpunkt Inbound Marketing,140,6435
2026-05-28,Online Marketing,ecomex GmbH & Co. KG,10342368910,Online Marketing Manager Weiterbildung,150,6435
2026-05-28,Online Marketing,ecomex GmbH & Co. KG,10389165078,Online Marketing mit KI und Datenschutz,165,6435
2026-05-28,Online Marketing,ecomex GmbH & Co. KG,10351524968,Online Marketing mit Google Ads,173,6435
2026-05-28,Online Marketing,ecomex GmbH & Co. KG,10356999042,Website Marketing und Online Recht,186,6435
2026-05-28,Online Marketing,ecomex GmbH & Co. KG,10387777725,Online Marketing - Webshop und SEO,194,6435
2026-05-28,Online Marketing,ecomex GmbH & Co. KG,10356999107,Analyse und Optimierung im Online Marketing,195,6435
2026-05-28,Online Marketing,ecomex GmbH & Co. KG,10387778727,Social Commerce im Online Marketing,222,6435
2026-05-28,Online Marketing,ecomex GmbH & Co. KG,10389168027,Online Marketing Starter Kurs,224,6435
2026-05-28,Online Marketing,ecomex GmbH & Co. KG,10387200385,Digital Leadership im Online Marketing,246,6435
2026-05-28,Online Marketing,ecomex GmbH & Co. KG,10389165328,Online Marketing mit Social Media Werbung,296,6435
2026-05-28,Online Marketing,ecomex GmbH & Co. KG,10377228677,Certified International Online Marketing Specialist,311,6435
2026-05-28,Online Marketing,ecomex GmbH & Co. KG,10391164001,E-Mail-Werbung im Online Marketing,321,6435
2026-05-28,Online Marketing,ecomex GmbH & Co. KG,10389164957,AI-Tools im Online Marketing,344,6435
2026-05-28,Online Marketing,ecomex GmbH & Co. KG,10391165661,Online Marketing und Prompt Engineering,345,6435
2026-05-28,Online Marketing,ecomex GmbH & Co. KG,10387783077,Online Marketing Manager für Fortgeschrittene,346,6435
2026-05-28,Online Marketing,ecomex GmbH & Co. KG,10380831850,Aufbaukurs Online Marketing / Social Media Marketing,369,6435
2026-05-28,Online Marketing,ecomex GmbH & Co. KG,10338910725,Online Marketing Grundlagen für Marketing Manager:in,371,6435
2026-05-28,Online Marketing,ecomex GmbH & Co. KG,10391164655,Online Marketing mit AI Weiterbildung,377,6435
2026-05-28,Online Marketing,ecomex GmbH & Co. KG,10391164520,E-Commerce Performance im Online Marketing,386,6435
2026-05-28,Online Marketing,ecomex GmbH & Co. KG,10391167677,Wordpress Online Lernen,395,6435
2026-05-28,Online Marketing,ecomex GmbH & Co. KG,10387780996,Webanalyse für Online Marketing Manager:in,408,6435
2026-05-28,Online Marketing,ecomex GmbH & Co. KG,10377229437,Global Digital Strategy & Online Marketing Management,500,6435
2026-05-28,Search Engine Marketing,ecomex GmbH & Co. KG,10338431852,Search Engine Marketing Expert,19,269
2026-05-28,SEO,ecomex GmbH & Co. KG,10351717472,Online Marketing mit SEO,269,3911
2026-05-28,SEO,ecomex GmbH & Co. KG,10384707573,SEO und Inbound Marketing,303,3911
2026-05-28,SEO,ecomex GmbH & Co. KG,10391166962,"Der einfache Einstieg in SEO, Ads & KI im Online Marketing",362,3911
2026-05-28,SEO,ecomex GmbH & Co. KG,10387777725,Online Marketing - Webshop und SEO,413,3911
2026-05-28,Content Marketing,ecomex GmbH & Co. KG,10342367601,Content Marketing,9,4890
2026-05-28,Content Marketing,ecomex GmbH & Co. KG,10338911508,Content Marketing Manager,46,4890
2026-05-28,Content Marketing,ecomex GmbH & Co. KG,10338423309,Content Marketing Expert,56,4890
2026-05-28,Content Marketing,ecomex GmbH & Co. KG,10389168088,Content Marketing für Einsteiger,149,4890
2026-05-28,Content Marketing,ecomex GmbH & Co. KG,10374367486,Content Marketing & Social Media Marketing,161,4890
2026-05-28,Content Marketing,ecomex GmbH & Co. KG,10387781767,Inbound- und Content-Marketing,292,4890
2026-05-28,Content Marketing,ecomex GmbH & Co. KG,10351717915,Content Marketing - Visuals mit Canva und KI,296,4890
2026-05-28,Content Marketing,ecomex GmbH & Co. KG,10355911492,Content Marketing - Videoerstellung mit DaVinci & KI,318,4890
2026-05-28,Content Marketing,ecomex GmbH & Co. KG,10387198529,Content Marketing Strategie,386,4890
2026-05-28,Content Marketing,ecomex GmbH & Co. KG,10338426557,WordPress,480,4890
2026-05-28,Content Marketing,ecomex GmbH & Co. KG,10389166959,Content & Inbound Marketing mit KI für E-Commerce,484,4890
2026-05-28,Digital Marketing,ecomex GmbH & Co. KG,10382597055,International Project Management in Digital Marketing,229,7127
2026-05-28,Digital Marketing,ecomex GmbH & Co. KG,10377229437,Global Digital Strategy & Online Marketing Management,243,7127
2026-05-28,Digital Marketing,ecomex GmbH & Co. KG,10354069877,Digital Marketing Manager,254,7127
2026-05-28,Digital Marketing,ecomex GmbH & Co. KG,10387195672,E-Commerce im Digital Marketing,262,7127
2026-05-28,Digital Marketing,ecomex GmbH & Co. KG,10391167711,Digital Marketing Starter Kurs,407,7127
2026-05-28,Digital Marketing,ecomex GmbH & Co. KG,10387200385,Digital Leadership im Online Marketing,429,7127
2026-05-28,Social Media Marketing,ecomex GmbH & Co. KG,10374367486,Content Marketing & Social Media Marketing,43,4673
2026-05-28,Social Media Marketing,ecomex GmbH & Co. KG,10338427203,Social Media Marketing,128,4673
2026-05-28,Social Media Marketing,ecomex GmbH & Co. KG,10380831850,Aufbaukurs Online Marketing / Social Media Marketing,158,4673
2026-05-28,Social Media Marketing,ecomex GmbH & Co. KG,10389165328,Online Marketing mit Social Media Werbung,166,4673
2026-05-28,Social Media Marketing,ecomex GmbH & Co. KG,10389167020,Social Media Marketing für Einsteiger,207,4673
2026-05-28,Social Media Marketing,ecomex GmbH & Co. KG,10375687179,Social Media mit KI,260,4673
2026-05-28,Social Media Marketing,ecomex GmbH & Co. KG,10389168981,Social Media Kurs,273,4673
2026-05-28,Social Media Marketing,ecomex GmbH & Co. KG,10338895266,Social Media Advertising,286,4673
2026-05-28,Social Media Marketing,ecomex GmbH & Co. KG,10342368125,Social Media Weiterbildung,293,4673
2026-05-28,Social Media Marketing,ecomex GmbH & Co. KG,10391166283,Grundlagen des Social Media Managements,299,4673
2026-05-28,Social Media Marketing,ecomex GmbH & Co. KG,10340407675,Social Media Manager,305,4673
2026-05-28,Social Media Marketing,ecomex GmbH & Co. KG,10338422909,Social Media Grundlagen,310,4673
2026-05-28,Social Media Marketing,ecomex GmbH & Co. KG,10338911376,Social Media Expert:in,339,4673
2026-05-28,Social Media Marketing,ecomex GmbH & Co. KG,10387780797,Webanalyse & Social Media Marketing,354,4673
2026-05-28,Social Media Marketing,ecomex GmbH & Co. KG,10338895586,Social Media Advertising Expert:in,363,4673
2026-05-28,Social Media Marketing,ecomex GmbH & Co. KG,10338428797,Social Media Creation Experte,364,4673
2026-05-28,Social Media Marketing,ecomex GmbH & Co. KG,10351534424,Social Media Relationship Experte,366,4673
2026-05-28,Social Media Marketing,ecomex GmbH & Co. KG,10391168356,E-Commerce & Social Media Marketing mit KI,395,4673
2026-05-28,Social Media Marketing,ecomex GmbH & Co. KG,10387776055,"Onlinemarketing, Social-Media-Marketing und Prompt Engineering",441,4673
2026-05-29,Online Marketing,ecomex GmbH & Co. KG,10361929031,Online Advertising im Online Marketing,2,6435
2026-05-29,Online Marketing,ecomex GmbH & Co. KG,10349701750,Online Marketing,9,6435
2026-05-29,Online Marketing,ecomex GmbH & Co. KG,10391163831,Performance Marketing im Online Marketing,28,6435
2026-05-29,Online Marketing,ecomex GmbH & Co. KG,10343394728,Online Marketing Manager,53,6435
2026-05-29,Online Marketing,ecomex GmbH & Co. KG,10356998969,Online Marketing Strategie,56,6435
2026-05-29,Online Marketing,ecomex GmbH & Co. KG,10351717472,Online Marketing mit SEO,60,6435
2026-05-29,Online Marketing,ecomex GmbH & Co. KG,10349997798,KI im Online Marketing,65,6435
2026-05-29,Online Marketing,ecomex GmbH & Co. KG,10387771566,Online Marketing Quereinstieg,66,6435
2026-05-29,Online Marketing,ecomex GmbH & Co. KG,10387192889,Einführung in Online Marketing,69,6435
2026-05-29,Online Marketing,ecomex GmbH & Co. KG,10387771477,Online Marketing Kurs,73,6435
2026-05-29,Online Marketing,ecomex GmbH & Co. KG,10342368910,Online Marketing Manager Weiterbildung,134,6435
2026-05-29,Online Marketing,ecomex GmbH & Co. KG,10351717213,Online Marketing - CRM und Marketing-Automatisierung,135,6435
2026-05-29,Online Marketing,ecomex GmbH & Co. KG,10351524968,Online Marketing mit Google Ads,138,6435
2026-05-29,Online Marketing,ecomex GmbH & Co. KG,10387782778,Online Marketing mit Schwerpunkt Inbound Marketing,145,6435
2026-05-29,Online Marketing,ecomex GmbH & Co. KG,10384707261,Online Marketing für Einsteiger,147,6435
2026-05-29,Online Marketing,ecomex GmbH & Co. KG,10356999042,Website Marketing und Online Recht,179,6435
2026-05-29,Online Marketing,ecomex GmbH & Co. KG,10387777725,Online Marketing - Webshop und SEO,183,6435
2026-05-29,Online Marketing,ecomex GmbH & Co. KG,10356999107,Analyse und Optimierung im Online Marketing,185,6435
2026-05-29,Online Marketing,ecomex GmbH & Co. KG,10389165078,Online Marketing mit KI und Datenschutz,192,6435
2026-05-29,Online Marketing,ecomex GmbH & Co. KG,10387778727,Social Commerce im Online Marketing,206,6435
2026-05-29,Online Marketing,ecomex GmbH & Co. KG,10389168027,Online Marketing Starter Kurs,212,6435
2026-05-29,Online Marketing,ecomex GmbH & Co. KG,10387200385,Digital Leadership im Online Marketing,236,6435
2026-05-29,Online Marketing,ecomex GmbH & Co. KG,10391164001,E-Mail-Werbung im Online Marketing,293,6435
2026-05-29,Online Marketing,ecomex GmbH & Co. KG,10389165328,Online Marketing mit Social Media Werbung,305,6435
2026-05-29,Online Marketing,ecomex GmbH & Co. KG,10377228677,Certified International Online Marketing Specialist,337,6435
2026-05-29,Online Marketing,ecomex GmbH & Co. KG,10391165661,Online Marketing und Prompt Engineering,346,6435
2026-05-29,Online Marketing,ecomex GmbH & Co. KG,10391164655,Online Marketing mit AI Weiterbildung,348,6435
2026-05-29,Online Marketing,ecomex GmbH & Co. KG,10389164957,AI-Tools im Online Marketing,352,6435
2026-05-29,Online Marketing,ecomex GmbH & Co. KG,10387783077,Online Marketing Manager für Fortgeschrittene,354,6435
2026-05-29,Online Marketing,ecomex GmbH & Co. KG,10380831850,Aufbaukurs Online Marketing / Social Media Marketing,363,6435
2026-05-29,Online Marketing,ecomex GmbH & Co. KG,10391167677,Wordpress Online Lernen,376,6435
2026-05-29,Online Marketing,ecomex GmbH & Co. KG,10338910725,Online Marketing Grundlagen für Marketing Manager:in,377,6435
2026-05-29,Online Marketing,ecomex GmbH & Co. KG,10387780996,Webanalyse für Online Marketing Manager:in,388,6435
2026-05-29,Online Marketing,ecomex GmbH & Co. KG,10391164520,E-Commerce Performance im Online Marketing,390,6435
2026-05-29,Online Marketing,ecomex GmbH & Co. KG,10391166593,Online Marketing - Grundlagen und Fachwissen für Quereinsteiger,499,6435
2026-05-29,Search Engine Marketing,ecomex GmbH & Co. KG,10338431852,Search Engine Marketing Expert,18,269
2026-05-29,SEO,ecomex GmbH & Co. KG,10384707573,SEO und Inbound Marketing,290,3911
2026-05-29,SEO,ecomex GmbH & Co. KG,10351717472,Online Marketing mit SEO,302,3911
2026-05-29,SEO,ecomex GmbH & Co. KG,10391166962,"Der einfache Einstieg in SEO, Ads & KI im Online Marketing",352,3911
2026-05-29,SEO,ecomex GmbH & Co. KG,10387777725,Online Marketing - Webshop und SEO,397,3911
2026-05-29,Content Marketing,ecomex GmbH & Co. KG,10342367601,Content Marketing,15,4890
2026-05-29,Content Marketing,ecomex GmbH & Co. KG,10338911508,Content Marketing Manager,44,4890
2026-05-29,Content Marketing,ecomex GmbH & Co. KG,10338423309,Content Marketing Expert,54,4890
2026-05-29,Content Marketing,ecomex GmbH & Co. KG,10374367486,Content Marketing & Social Media Marketing,159,4890
2026-05-29,Content Marketing,ecomex GmbH & Co. KG,10389168088,Content Marketing für Einsteiger,164,4890
2026-05-29,Content Marketing,ecomex GmbH & Co. KG,10387781767,Inbound- und Content-Marketing,281,4890
2026-05-29,Content Marketing,ecomex GmbH & Co. KG,10351717915,Content Marketing - Visuals mit Canva und KI,324,4890
2026-05-29,Content Marketing,ecomex GmbH & Co. KG,10355911492,Content Marketing - Videoerstellung mit DaVinci & KI,346,4890
2026-05-29,Content Marketing,ecomex GmbH & Co. KG,10387198529,Content Marketing Strategie,417,4890
2026-05-29,Content Marketing,ecomex GmbH & Co. KG,10338426557,WordPress,482,4890
2026-05-29,Content Marketing,ecomex GmbH & Co. KG,10389166959,Content & Inbound Marketing mit KI für E-Commerce,492,4890
2026-05-29,Digital Marketing,ecomex GmbH & Co. KG,10354069877,Digital Marketing Manager,220,7127
2026-05-29,Digital Marketing,ecomex GmbH & Co. KG,10382597055,International Project Management in Digital Marketing,244,7127
2026-05-29,Digital Marketing,ecomex GmbH & Co. KG,10387195672,E-Commerce im Digital Marketing,260,7127
2026-05-29,Digital Marketing,ecomex GmbH & Co. KG,10377229437,Global Digital Strategy & Online Marketing Management,265,7127
2026-05-29,Digital Marketing,ecomex GmbH & Co. KG,10391167711,Digital Marketing Starter Kurs,403,7127
2026-05-29,Digital Marketing,ecomex GmbH & Co. KG,10387200385,Digital Leadership im Online Marketing,416,7127
2026-05-29,Social Media Marketing,ecomex GmbH & Co. KG,10374367486,Content Marketing & Social Media Marketing,28,4673
2026-05-29,Social Media Marketing,ecomex GmbH & Co. KG,10338427203,Social Media Marketing,132,4673
2026-05-29,Social Media Marketing,ecomex GmbH & Co. KG,10380831850,Aufbaukurs Online Marketing / Social Media Marketing,160,4673
2026-05-29,Social Media Marketing,ecomex GmbH & Co. KG,10389165328,Online Marketing mit Social Media Werbung,177,4673
2026-05-29,Social Media Marketing,ecomex GmbH & Co. KG,10389167020,Social Media Marketing für Einsteiger,205,4673
2026-05-29,Social Media Marketing,ecomex GmbH & Co. KG,10375687179,Social Media mit KI,273,4673
2026-05-29,Social Media Marketing,ecomex GmbH & Co. KG,10342368125,Social Media Weiterbildung,275,4673
2026-05-29,Social Media Marketing,ecomex GmbH & Co. KG,10340407675,Social Media Manager,276,4673
2026-05-29,Social Media Marketing,ecomex GmbH & Co. KG,10338911376,Social Media Expert:in,286,4673
2026-05-29,Social Media Marketing,ecomex GmbH & Co. KG,10389168981,Social Media Kurs,291,4673
2026-05-29,Social Media Marketing,ecomex GmbH & Co. KG,10338422909,Social Media Grundlagen,292,4673
2026-05-29,Social Media Marketing,ecomex GmbH & Co. KG,10391166283,Grundlagen des Social Media Managements,298,4673
2026-05-29,Social Media Marketing,ecomex GmbH & Co. KG,10338895266,Social Media Advertising,307,4673
2026-05-29,Social Media Marketing,ecomex GmbH & Co. KG,10351534424,Social Media Relationship Experte,360,4673
2026-05-29,Social Media Marketing,ecomex GmbH & Co. KG,10387780797,Webanalyse & Social Media Marketing,361,4673
2026-05-29,Social Media Marketing,ecomex GmbH & Co. KG,10338428797,Social Media Creation Experte,362,4673
2026-05-29,Social Media Marketing,ecomex GmbH & Co. KG,10338895586,Social Media Advertising Expert:in,377,4673
2026-05-29,Social Media Marketing,ecomex GmbH & Co. KG,10391168356,E-Commerce & Social Media Marketing mit KI,385,4673
2026-05-29,Social Media Marketing,ecomex GmbH & Co. KG,10387776055,"Onlinemarketing, Social-Media-Marketing und Prompt Engineering",465,4673
2026-05-30,Online Marketing,ecomex GmbH & Co. KG,10361929031,Online Advertising im Online Marketing,2,6435
2026-05-30,Online Marketing,ecomex GmbH & Co. KG,10349701750,Online Marketing,9,6435
2026-05-30,Online Marketing,ecomex GmbH & Co. KG,10391163831,Performance Marketing im Online Marketing,26,6435
2026-05-30,Online Marketing,ecomex GmbH & Co. KG,10343394728,Online Marketing Manager,54,6435
2026-05-30,Online Marketing,ecomex GmbH & Co. KG,10351717472,Online Marketing mit SEO,55,6435
2026-05-30,Online Marketing,ecomex GmbH & Co. KG,10349997798,KI im Online Marketing,61,6435
2026-05-30,Online Marketing,ecomex GmbH & Co. KG,10387771566,Online Marketing Quereinstieg,68,6435
2026-05-30,Online Marketing,ecomex GmbH & Co. KG,10356998969,Online Marketing Strategie,73,6435
2026-05-30,Online Marketing,ecomex GmbH & Co. KG,10387192889,Einführung in Online Marketing,74,6435
2026-05-30,Online Marketing,ecomex GmbH & Co. KG,10387771477,Online Marketing Kurs,77,6435
2026-05-30,Online Marketing,ecomex GmbH & Co. KG,10342368910,Online Marketing Manager Weiterbildung,142,6435
2026-05-30,Online Marketing,ecomex GmbH & Co. KG,10384707261,Online Marketing für Einsteiger,150,6435
2026-05-30,Online Marketing,ecomex GmbH & Co. KG,10356999042,Website Marketing und Online Recht,153,6435
2026-05-30,Online Marketing,ecomex GmbH & Co. KG,10351717213,Online Marketing - CRM und Marketing-Automatisierung,159,6435
2026-05-30,Online Marketing,ecomex GmbH & Co. KG,10387782778,Online Marketing mit Schwerpunkt Inbound Marketing,161,6435
2026-05-30,Online Marketing,ecomex GmbH & Co. KG,10389165078,Online Marketing mit KI und Datenschutz,181,6435
2026-05-30,Online Marketing,ecomex GmbH & Co. KG,10351524968,Online Marketing mit Google Ads,189,6435
2026-05-30,Online Marketing,ecomex GmbH & Co. KG,10387777725,Online Marketing - Webshop und SEO,203,6435
2026-05-30,Online Marketing,ecomex GmbH & Co. KG,10356999107,Analyse und Optimierung im Online Marketing,207,6435
2026-05-30,Online Marketing,ecomex GmbH & Co. KG,10387778727,Social Commerce im Online Marketing,213,6435
2026-05-30,Online Marketing,ecomex GmbH & Co. KG,10389168027,Online Marketing Starter Kurs,218,6435
2026-05-30,Online Marketing,ecomex GmbH & Co. KG,10387200385,Digital Leadership im Online Marketing,240,6435
2026-05-30,Online Marketing,ecomex GmbH & Co. KG,10389165328,Online Marketing mit Social Media Werbung,298,6435
2026-05-30,Online Marketing,ecomex GmbH & Co. KG,10391164001,E-Mail-Werbung im Online Marketing,338,6435
2026-05-30,Online Marketing,ecomex GmbH & Co. KG,10391165661,Online Marketing und Prompt Engineering,344,6435
2026-05-30,Online Marketing,ecomex GmbH & Co. KG,10389164957,AI-Tools im Online Marketing,345,6435
2026-05-30,Online Marketing,ecomex GmbH & Co. KG,10387783077,Online Marketing Manager für Fortgeschrittene,347,6435
2026-05-30,Online Marketing,ecomex GmbH & Co. KG,10391164655,Online Marketing mit AI Weiterbildung,349,6435
2026-05-30,Online Marketing,ecomex GmbH & Co. KG,10380831850,Aufbaukurs Online Marketing / Social Media Marketing,354,6435
2026-05-30,Online Marketing,ecomex GmbH & Co. KG,10391167677,Wordpress Online Lernen,377,6435
2026-05-30,Online Marketing,ecomex GmbH & Co. KG,10391164520,E-Commerce Performance im Online Marketing,380,6435
2026-05-30,Online Marketing,ecomex GmbH & Co. KG,10387780996,Webanalyse für Online Marketing Manager:in,394,6435
2026-05-30,Online Marketing,ecomex GmbH & Co. KG,10338910725,Online Marketing Grundlagen für Marketing Manager:in,396,6435
2026-05-30,Online Marketing,ecomex GmbH & Co. KG,10377228677,Certified International Online Marketing Specialist,401,6435
2026-05-30,Search Engine Marketing,ecomex GmbH & Co. KG,10338431852,Search Engine Marketing Expert,21,269
2026-05-30,SEO,ecomex GmbH & Co. KG,10384707573,SEO und Inbound Marketing,275,3911
2026-05-30,SEO,ecomex GmbH & Co. KG,10351717472,Online Marketing mit SEO,291,3911
2026-05-30,SEO,ecomex GmbH & Co. KG,10391166962,"Der einfache Einstieg in SEO, Ads & KI im Online Marketing",348,3911
2026-05-30,SEO,ecomex GmbH & Co. KG,10387777725,Online Marketing - Webshop und SEO,400,3911
2026-05-30,Content Marketing,ecomex GmbH & Co. KG,10342367601,Content Marketing,11,4890
2026-05-30,Content Marketing,ecomex GmbH & Co. KG,10338911508,Content Marketing Manager,40,4890
2026-05-30,Content Marketing,ecomex GmbH & Co. KG,10338423309,Content Marketing Expert,48,4890
2026-05-30,Content Marketing,ecomex GmbH & Co. KG,10374367486,Content Marketing & Social Media Marketing,149,4890
2026-05-30,Content Marketing,ecomex GmbH & Co. KG,10389168088,Content Marketing für Einsteiger,161,4890
2026-05-30,Content Marketing,ecomex GmbH & Co. KG,10387781767,Inbound- und Content-Marketing,283,4890
2026-05-30,Content Marketing,ecomex GmbH & Co. KG,10355911492,Content Marketing - Videoerstellung mit DaVinci & KI,298,4890
2026-05-30,Content Marketing,ecomex GmbH & Co. KG,10351717915,Content Marketing - Visuals mit Canva und KI,313,4890
2026-05-30,Content Marketing,ecomex GmbH & Co. KG,10387198529,Content Marketing Strategie,398,4890
2026-05-30,Content Marketing,ecomex GmbH & Co. KG,10338426557,WordPress,476,4890
2026-05-30,Content Marketing,ecomex GmbH & Co. KG,10389166959,Content & Inbound Marketing mit KI für E-Commerce,489,4890
2026-05-30,Digital Marketing,ecomex GmbH & Co. KG,10354069877,Digital Marketing Manager,228,7127
2026-05-30,Digital Marketing,ecomex GmbH & Co. KG,10387195672,E-Commerce im Digital Marketing,268,7127
2026-05-30,Digital Marketing,ecomex GmbH & Co. KG,10382597055,International Project Management in Digital Marketing,279,7127
2026-05-30,Digital Marketing,ecomex GmbH & Co. KG,10377229437,Global Digital Strategy & Online Marketing Management,281,7127
2026-05-30,Digital Marketing,ecomex GmbH & Co. KG,10391167711,Digital Marketing Starter Kurs,411,7127
2026-05-30,Digital Marketing,ecomex GmbH & Co. KG,10387200385,Digital Leadership im Online Marketing,437,7127
2026-05-30,Social Media Marketing,ecomex GmbH & Co. KG,10374367486,Content Marketing & Social Media Marketing,30,4673
2026-05-30,Social Media Marketing,ecomex GmbH & Co. KG,10338427203,Social Media Marketing,134,4673
2026-05-30,Social Media Marketing,ecomex GmbH & Co. KG,10380831850,Aufbaukurs Online Marketing / Social Media Marketing,161,4673
2026-05-30,Social Media Marketing,ecomex GmbH & Co. KG,10389165328,Online Marketing mit Social Media Werbung,178,4673
2026-05-30,Social Media Marketing,ecomex GmbH & Co. KG,10389167020,Social Media Marketing für Einsteiger,198,4673
2026-05-30,Social Media Marketing,ecomex GmbH & Co. KG,10375687179,Social Media mit KI,260,4673
2026-05-30,Social Media Marketing,ecomex GmbH & Co. KG,10338895266,Social Media Advertising,275,4673
2026-05-30,Social Media Marketing,ecomex GmbH & Co. KG,10340407675,Social Media Manager,283,4673
2026-05-30,Social Media Marketing,ecomex GmbH & Co. KG,10389168981,Social Media Kurs,286,4673
2026-05-30,Social Media Marketing,ecomex GmbH & Co. KG,10338911376,Social Media Expert:in,287,4673
2026-05-30,Social Media Marketing,ecomex GmbH & Co. KG,10338422909,Social Media Grundlagen,289,4673
2026-05-30,Social Media Marketing,ecomex GmbH & Co. KG,10342368125,Social Media Weiterbildung,290,4673
2026-05-30,Social Media Marketing,ecomex GmbH & Co. KG,10391166283,Grundlagen des Social Media Managements,303,4673
2026-05-30,Social Media Marketing,ecomex GmbH & Co. KG,10387780797,Webanalyse & Social Media Marketing,356,4673
2026-05-30,Social Media Marketing,ecomex GmbH & Co. KG,10338428797,Social Media Creation Experte,359,4673
2026-05-30,Social Media Marketing,ecomex GmbH & Co. KG,10351534424,Social Media Relationship Experte,362,4673
2026-05-30,Social Media Marketing,ecomex GmbH & Co. KG,10338895586,Social Media Advertising Expert:in,365,4673
2026-05-30,Social Media Marketing,ecomex GmbH & Co. KG,10391168356,E-Commerce & Social Media Marketing mit KI,400,4673
2026-05-30,Social Media Marketing,ecomex GmbH & Co. KG,10387776055,"Onlinemarketing, Social-Media-Marketing und Prompt Engineering",458,4673
2026-05-31,Online Marketing,ecomex GmbH & Co. KG,10361929031,Online Advertising im Online Marketing,2,6435
2026-05-31,Online Marketing,ecomex GmbH & Co. KG,10349701750,Online Marketing,11,6435
2026-05-31,Online Marketing,ecomex GmbH & Co. KG,10391163831,Performance Marketing im Online Marketing,23,6435
2026-05-31,Online Marketing,ecomex GmbH & Co. KG,10343394728,Online Marketing Manager,51,6435
2026-05-31,Online Marketing,ecomex GmbH & Co. KG,10351717472,Online Marketing mit SEO,54,6435
2026-05-31,Online Marketing,ecomex GmbH & Co. KG,10356998969,Online Marketing Strategie,60,6435
2026-05-31,Online Marketing,ecomex GmbH & Co. KG,10349997798,KI im Online Marketing,64,6435
2026-05-31,Online Marketing,ecomex GmbH & Co. KG,10387771566,Online Marketing Quereinstieg,68,6435
2026-05-31,Online Marketing,ecomex GmbH & Co. KG,10387771477,Online Marketing Kurs,71,6435
2026-05-31,Online Marketing,ecomex GmbH & Co. KG,10387192889,Einführung in Online Marketing,74,6435
2026-05-31,Online Marketing,ecomex GmbH & Co. KG,10384707261,Online Marketing für Einsteiger,118,6435
2026-05-31,Online Marketing,ecomex GmbH & Co. KG,10342368910,Online Marketing Manager Weiterbildung,128,6435
2026-05-31,Online Marketing,ecomex GmbH & Co. KG,10387782778,Online Marketing mit Schwerpunkt Inbound Marketing,132,6435
2026-05-31,Online Marketing,ecomex GmbH & Co. KG,10356999042,Website Marketing und Online Recht,151,6435
2026-05-31,Online Marketing,ecomex GmbH & Co. KG,10351524968,Online Marketing mit Google Ads,153,6435
2026-05-31,Online Marketing,ecomex GmbH & Co. KG,10351717213,Online Marketing - CRM und Marketing-Automatisierung,155,6435
2026-05-31,Online Marketing,ecomex GmbH & Co. KG,10356999107,Analyse und Optimierung im Online Marketing,183,6435
2026-05-31,Online Marketing,ecomex GmbH & Co. KG,10387777725,Online Marketing - Webshop und SEO,184,6435
2026-05-31,Online Marketing,ecomex GmbH & Co. KG,10387778727,Social Commerce im Online Marketing,207,6435
2026-05-31,Online Marketing,ecomex GmbH & Co. KG,10389165078,Online Marketing mit KI und Datenschutz,210,6435
2026-05-31,Online Marketing,ecomex GmbH & Co. KG,10389168027,Online Marketing Starter Kurs,212,6435
2026-05-31,Online Marketing,ecomex GmbH & Co. KG,10387200385,Digital Leadership im Online Marketing,234,6435
2026-05-31,Online Marketing,ecomex GmbH & Co. KG,10389165328,Online Marketing mit Social Media Werbung,294,6435
2026-05-31,Online Marketing,ecomex GmbH & Co. KG,10391164001,E-Mail-Werbung im Online Marketing,300,6435
2026-05-31,Online Marketing,ecomex GmbH & Co. KG,10377228677,Certified International Online Marketing Specialist,307,6435
2026-05-31,Online Marketing,ecomex GmbH & Co. KG,10387783077,Online Marketing Manager für Fortgeschrittene,339,6435
2026-05-31,Online Marketing,ecomex GmbH & Co. KG,10391165661,Online Marketing und Prompt Engineering,340,6435
2026-05-31,Online Marketing,ecomex GmbH & Co. KG,10391164655,Online Marketing mit AI Weiterbildung,345,6435
2026-05-31,Online Marketing,ecomex GmbH & Co. KG,10389164957,AI-Tools im Online Marketing,352,6435
2026-05-31,Online Marketing,ecomex GmbH & Co. KG,10380831850,Aufbaukurs Online Marketing / Social Media Marketing,361,6435
2026-05-31,Online Marketing,ecomex GmbH & Co. KG,10391164520,E-Commerce Performance im Online Marketing,389,6435
2026-05-31,Online Marketing,ecomex GmbH & Co. KG,10391167677,Wordpress Online Lernen,391,6435
2026-05-31,Online Marketing,ecomex GmbH & Co. KG,10338910725,Online Marketing Grundlagen für Marketing Manager:in,396,6435
2026-05-31,Online Marketing,ecomex GmbH & Co. KG,10387780996,Webanalyse für Online Marketing Manager:in,403,6435
2026-05-31,Search Engine Marketing,ecomex GmbH & Co. KG,10338431852,Search Engine Marketing Expert,18,269
2026-05-31,SEO,ecomex GmbH & Co. KG,10351717472,Online Marketing mit SEO,283,3911
2026-05-31,SEO,ecomex GmbH & Co. KG,10384707573,SEO und Inbound Marketing,303,3911
2026-05-31,SEO,ecomex GmbH & Co. KG,10391166962,"Der einfache Einstieg in SEO, Ads & KI im Online Marketing",349,3911
2026-05-31,SEO,ecomex GmbH & Co. KG,10387777725,Online Marketing - Webshop und SEO,385,3911
2026-05-31,Content Marketing,ecomex GmbH & Co. KG,10342367601,Content Marketing,23,4890
2026-05-31,Content Marketing,ecomex GmbH & Co. KG,10338911508,Content Marketing Manager,39,4890
2026-05-31,Content Marketing,ecomex GmbH & Co. KG,10338423309,Content Marketing Expert,54,4890
2026-05-31,Content Marketing,ecomex GmbH & Co. KG,10374367486,Content Marketing & Social Media Marketing,148,4890
2026-05-31,Content Marketing,ecomex GmbH & Co. KG,10389168088,Content Marketing für Einsteiger,153,4890
2026-05-31,Content Marketing,ecomex GmbH & Co. KG,10387781767,Inbound- und Content-Marketing,275,4890
2026-05-31,Content Marketing,ecomex GmbH & Co. KG,10351717915,Content Marketing - Visuals mit Canva und KI,300,4890
2026-05-31,Content Marketing,ecomex GmbH & Co. KG,10355911492,Content Marketing - Videoerstellung mit DaVinci & KI,307,4890
2026-05-31,Content Marketing,ecomex GmbH & Co. KG,10387198529,Content Marketing Strategie,386,4890
2026-05-31,Content Marketing,ecomex GmbH & Co. KG,10338426557,WordPress,476,4890
2026-05-31,Content Marketing,ecomex GmbH & Co. KG,10389166959,Content & Inbound Marketing mit KI für E-Commerce,480,4890
2026-05-31,Digital Marketing,ecomex GmbH & Co. KG,10354069877,Digital Marketing Manager,226,7127
2026-05-31,Digital Marketing,ecomex GmbH & Co. KG,10382597055,International Project Management in Digital Marketing,236,7127
2026-05-31,Digital Marketing,ecomex GmbH & Co. KG,10377229437,Global Digital Strategy & Online Marketing Management,270,7127
2026-05-31,Digital Marketing,ecomex GmbH & Co. KG,10387195672,E-Commerce im Digital Marketing,277,7127
2026-05-31,Digital Marketing,ecomex GmbH & Co. KG,10391167711,Digital Marketing Starter Kurs,417,7127
2026-05-31,Digital Marketing,ecomex GmbH & Co. KG,10387200385,Digital Leadership im Online Marketing,423,7127
2026-05-31,Social Media Marketing,ecomex GmbH & Co. KG,10374367486,Content Marketing & Social Media Marketing,33,4673
2026-05-31,Social Media Marketing,ecomex GmbH & Co. KG,10338427203,Social Media Marketing,134,4673
2026-05-31,Social Media Marketing,ecomex GmbH & Co. KG,10380831850,Aufbaukurs Online Marketing / Social Media Marketing,155,4673
2026-05-31,Social Media Marketing,ecomex GmbH & Co. KG,10389165328,Online Marketing mit Social Media Werbung,160,4673
2026-05-31,Social Media Marketing,ecomex GmbH & Co. KG,10389167020,Social Media Marketing für Einsteiger,195,4673
2026-05-31,Social Media Marketing,ecomex GmbH & Co. KG,10375687179,Social Media mit KI,244,4673
2026-05-31,Social Media Marketing,ecomex GmbH & Co. KG,10342368125,Social Media Weiterbildung,266,4673
2026-05-31,Social Media Marketing,ecomex GmbH & Co. KG,10338422909,Social Media Grundlagen,267,4673
2026-05-31,Social Media Marketing,ecomex GmbH & Co. KG,10340407675,Social Media Manager,274,4673
2026-05-31,Social Media Marketing,ecomex GmbH & Co. KG,10338911376,Social Media Expert:in,279,4673
2026-05-31,Social Media Marketing,ecomex GmbH & Co. KG,10389168981,Social Media Kurs,290,4673
2026-05-31,Social Media Marketing,ecomex GmbH & Co. KG,10391166283,Grundlagen des Social Media Managements,292,4673
2026-05-31,Social Media Marketing,ecomex GmbH & Co. KG,10338895266,Social Media Advertising,298,4673
2026-05-31,Social Media Marketing,ecomex GmbH & Co. KG,10351534424,Social Media Relationship Experte,358,4673
2026-05-31,Social Media Marketing,ecomex GmbH & Co. KG,10338428797,Social Media Creation Experte,360,4673
2026-05-31,Social Media Marketing,ecomex GmbH & Co. KG,10387780797,Webanalyse & Social Media Marketing,369,4673
2026-05-31,Social Media Marketing,ecomex GmbH & Co. KG,10338895586,Social Media Advertising Expert:in,378,4673
2026-05-31,Social Media Marketing,ecomex GmbH & Co. KG,10391168356,E-Commerce & Social Media Marketing mit KI,395,4673
2026-05-31,Social Media Marketing,ecomex GmbH & Co. KG,10387776055,"Onlinemarketing, Social-Media-Marketing und Prompt Engineering",452,4673
